"La visita (martes 6 oct, ficticia; Hospital Demo, Emergencias)",Hora,Qué pasa,Qué ve Doña Carmen,Mensaje del hospital,✔/✘
"La visita (martes 6 oct, ficticia; Hospital Demo, Emergencias)",7:55 AM,Se pre-registra desde la casa,"""Pase de llegada listo""",— (lo hace el portal),
"La visita (martes 6 oct, ficticia; Hospital Demo, Emergencias)",8:12 AM,Llega y la registran,"""Llegó a Emergencias""",Registro (A04),
"La visita (martes 6 oct, ficticia; Hospital Demo, Emergencias)",8:25 AM,"Triaje: temperatura 101.8 °F, oxígeno 91%, nivel 3 de 5","""Nivel 3: urgente pero estable. 6 personas antes que usted, 45–60 min""",Actualización (A08),
"La visita (martes 6 oct, ficticia; Hospital Demo, Emergencias)",8:31 AM,La médica ordena 5 estudios,"""Le ordenaron 5 estudios""",Órdenes (ORM),
"La visita (martes 6 oct, ficticia; Hospital Demo, Emergencias)",8:40 AM,Le sacan sangre en la sala de espera,"""Muestras tomadas""",Estado de la orden,
"La visita (martes 6 oct, ficticia; Hospital Demo, Emergencias)",9:05 AM,Pasa al cubículo 12,"""La atiende la Dra. Ramos""",Traslado (A02),
"La visita (martes 6 oct, ficticia; Hospital Demo, Emergencias)",9:10 AM,Le dan acetaminofén 650 mg por boca y oxígeno 2 L/min,"""Medicinas que le dieron""",—,
"La visita (martes 6 oct, ficticia; Hospital Demo, Emergencias)",9:41 AM,Resultados: glóbulos blancos y lactato,Resultados en español,Resultado (ORU),
"La visita (martes 6 oct, ficticia; Hospital Demo, Emergencias)",10:02 AM,Resultados: panel metabólico + radiografía **preliminar**,"""Posible pulmonía: lectura preliminar""",Resultado (ORU),
"La visita (martes 6 oct, ficticia; Hospital Demo, Emergencias)",10:15 AM,Antibiótico por la vena: ceftriaxona 1 g,"""Le pusieron un antibiótico""",Administración,
"La visita (martes 6 oct, ficticia; Hospital Demo, Emergencias)",11:30 AM,"Alta a la casa (o, en la otra versión, ingreso)",Instrucciones del alta,Alta (A03),
Los resultados,Estudio,Valor,Normal,Estado,Explicación en español,✔/✘
Los resultados,Glóbulos blancos,15.2 mil/µL,4.5–11.0,Alto,"""Están altos. Suele pasar cuando el cuerpo combate una infección.""",
Los resultados,Hemoglobina,12.8 g/dL,12.0–15.5,Normal,"""Normal.""",
Los resultados,Lactato,1.4 mmol/L,0.5–2.0,Normal,"""Normal. Es una buena señal.""",
Los resultados,Glucosa,168 mg/dL,70–99,Alto,"""Un poco alta. Con infección y diabetes puede subir.""",
Los resultados,Creatinina,1.1 mg/dL,0.6–1.2,Normal,"""Normal. Sus riñones funcionan bien.""",
Los resultados,Radiografía de tórax,Posible pulmonía en la parte baja del pulmón derecho,—,Preliminar,"""Lectura preliminar. Un radiólogo la confirmará.""",
Los resultados,Hemocultivos,Pendiente,—,24–48 h,"""Tarda. Le llega aquí; si sale positivo, la llaman.""",
El alta,Qué,Detalle,✔/✘
El alta,Diagnóstico,Pulmonía adquirida en la comunidad,
El alta,Medicina nueva,"Amoxicilina/clavulanato 875 mg, 1 tableta cada 12 horas por 7 días",
El alta,Medicinas que siguen,"Metformina 500 mg y lisinopril 10 mg, igual que siempre",
El alta,Vuelva a Emergencias si…,Le falta el aire · fiebre de más de 101 °F después de 3 días · confusión · dolor de pecho,
El alta,Cita,"Viernes 16 oct, 10:00 AM, telemedicina con la Dra. Colón",
El alta,Trámites,Receta lista en la farmacia · confirmar la cita · radiografía de control en 6 semanas (pre-autorización) · excusa para el trabajo,
